{"cameraMode":{"drawMode":0,"name":"Shaded","section":"Shading Mode"},"sceneLighting":true,"audioPlay":false,"sceneViewState":{"m_AlwaysRefresh":false,"showFog":true,"showSkybox":true,"showFlares":true,"showImageEffects":true,"showParticleSystems":true,"showVisualEffectGraphs":true,"m_FxEnabled":true},"in2DMode":false,"pivot":{"x":-0.3976573944091797,"y":10.919145584106446,"z":-53.289154052734378},"rotation":{"x":-0.23205338418483735,"y":0.2608354985713959,"z":-0.0647507831454277,"w":-0.9348419308662415},"size":11.635285377502442,"orthographic":false}