{"cameraMode":{"drawMode":0,"name":"Shaded","section":"Shading Mode"},"sceneLighting":false,"audioPlay":false,"sceneViewState":{"m_AlwaysRefresh":false,"showFog":true,"showSkybox":false,"showFlares":true,"showImageEffects":true,"showParticleSystems":true,"showVisualEffectGraphs":true,"m_FxEnabled":true},"in2DMode":false,"pivot":{"x":0.000001430511474609375,"y":16.425003051757814,"z":29.010000228881837},"rotation":{"x":-0.08763596415519715,"y":-0.8958379030227661,"z":0.20391260087490083,"w":-0.3849929869174957},"size":42.92576217651367,"orthographic":false}